model,dataset,recipe,train_micro_f1,train_macro_f1,train_accuracy,num_examples,clean_micro_f1,clean_macro_f1,attacked_micro_f1,attacked_macro_f1,micro_f1_drop,macro_f1_drop,n_successful,n_failed,n_skipped,attack_success_rate,avg_queries,perturbed_file,source,timestamp
bert-base-uncased,ac-reason,CheckList2020,,0.948,0.948,1000,,,,,,,61,891,48,0.0641,27.75,mdg/adv_attack/results/namesarnav_ac-reason__test/bert-base-uncased/CheckList2020.jsonl,summary_json,2026-09-29T06:04:37
bert-base-uncased,ac-reason,DeepWordBugGao2018,,0.948,0.948,1000,,,,,,,701,251,48,0.7363,137.8,mdg/adv_attack/results/namesarnav_ac-reason__test/bert-base-uncased/DeepWordBugGao2018.jsonl,summary_json,2026-09-30T23:51:36
roberta-base,ac-reason,CheckList2020,,,,1000,,,,,,,267,708,25,0.2738,24.46,mdg/adv_attack/results/namesarnav_ac-reason__test/roberta-base/CheckList2020.jsonl,summary_json,2026-09-29T03:13:27
roberta-base,ac-reason,DeepWordBugGao2018,,,,1000,,,,,,,713,262,25,0.7313,134.53,mdg/adv_attack/results/namesarnav_ac-reason__test/roberta-base/DeepWordBugGao2018.jsonl,summary_json,2026-10-01T05:55:39
bert-base-uncased,bbh-causal-judgement,CheckList2020,,0.963,0.963,1000,,,,,,,18,946,36,0.0187,12.48,mdg/adv_attack/results/namesarnav_bbh-causal-judgement__test/bert-base-uncased/CheckList2020.jsonl,summary_json,2026-09-28T16:12:50
bert-base-uncased,bbh-causal-judgement,DeepWordBugGao2018,,0.963,0.963,1000,,,,,,,767,197,36,0.7956,121.26,mdg/adv_attack/results/namesarnav_bbh-causal-judgement__test/bert-base-uncased/DeepWordBugGao2018.jsonl,summary_json,2026-09-30T17:06:03
roberta-base,bbh-causal-judgement,CheckList2020,,,,1000,,,,,,,12,961,27,0.0123,12.6,mdg/adv_attack/results/namesarnav_bbh-causal-judgement__test/roberta-base/CheckList2020.jsonl,summary_json,2026-09-28T16:33:22
bert-base-uncased,causalbench_code,CheckList2020,,0.697,0.7004,1572,,,,,,,18,1114,440,0.0159,29.69,mdg/adv_attack/results/namesarnav_causalbench_code__test/bert-base-uncased/CheckList2020.jsonl,summary_json,2026-09-30T00:29:16
bert-base-uncased,causalbench_math,CheckList2020,,0.8171,0.8996,2580,,,,,,,1,2333,246,0.0004,1.25,mdg/adv_attack/results/namesarnav_causalbench_math__test/bert-base-uncased/CheckList2020.jsonl,summary_json,2026-09-28T08:43:25
bert-base-uncased,counterbench,CheckList2020,,0.7874,0.7879,330,,,,,,,47,213,70,0.1808,19.42,mdg/adv_attack/results/namesarnav_counterbench__test/bert-base-uncased/CheckList2020.jsonl,summary_json,2026-09-28T04:28:27
bert-base-uncased,counterbench,DeepWordBugGao2018,,0.7874,0.7879,330,,,,,,,250,10,70,0.9615,41.49,mdg/adv_attack/results/namesarnav_counterbench__test/bert-base-uncased/DeepWordBugGao2018.jsonl,summary_json,2026-09-28T08:14:41
bert-base-uncased,counterbench,PSOZang2020,,0.7874,0.7879,330,,,,,,,54,206,70,0.2077,3552.77,mdg/adv_attack/results/namesarnav_counterbench__test/bert-base-uncased/PSOZang2020.jsonl,summary_json,2026-09-30T07:00:46
bert-base-uncased,counterbench,PWWSRen2019,,0.7874,0.7879,330,,,,,,,229,31,70,0.8808,177.83,mdg/adv_attack/results/namesarnav_counterbench__test/bert-base-uncased/PWWSRen2019.jsonl,summary_json,2026-09-29T08:58:53
roberta-base,counterbench,CheckList2020,,,,330,,,,,,,50,228,52,0.1799,21.66,mdg/adv_attack/results/namesarnav_counterbench__test/roberta-base/CheckList2020.jsonl,summary_json,2026-09-28T04:33:51
roberta-base,counterbench,DeepWordBugGao2018,,,,330,,,,,,,246,32,52,0.8849,47.26,mdg/adv_attack/results/namesarnav_counterbench__test/roberta-base/DeepWordBugGao2018.jsonl,summary_json,2026-09-28T06:56:52
roberta-base,counterbench,PSOZang2020,,,,330,,,,,,,42,236,52,0.1511,5603.66,mdg/adv_attack/results/namesarnav_counterbench__test/roberta-base/PSOZang2020.jsonl,summary_json,2026-09-30T05:30:26
roberta-base,counterbench,PWWSRen2019,,,,330,,,,,,,227,51,52,0.8165,196.09,mdg/adv_attack/results/namesarnav_counterbench__test/roberta-base/PWWSRen2019.jsonl,summary_json,2026-09-29T10:26:47
bert-base-uncased,e-care,CheckList2020,,,,2122,,,,,,,144,1321,657,0.0983,2.88,mdg/adv_attack/results/namesarnav_e-care__test/bert-base-uncased/CheckList2020.jsonl,summary_json,2026-09-28T04:56:32
bert-base-uncased,e-care,DeepWordBugGao2018,,,,2122,,,,,,,1455,10,657,0.9932,21.0,mdg/adv_attack/results/namesarnav_e-care__test/bert-base-uncased/DeepWordBugGao2018.jsonl,summary_json,2026-09-29T01:37:43
